<application>
  <component name="libraryTable">
    <library name="animate" type="javaScript">
      <properties>
        <sourceFilesUrls>
          <item url="file://$APPLICATION_CONFIG_DIR$/javascript/extLibs/http_cdnjs.cloudflare.com_ajax_libs_animate.css_3.5.2_animate.css" />
        </sourceFilesUrls>
      </properties>
      <CLASSES>
        <root url="file://$APPLICATION_CONFIG_DIR$/javascript/extLibs/http_cdnjs.cloudflare.com_ajax_libs_animate.css_3.5.2_animate.css" />
      </CLASSES>
      <SOURCES />
    </library>
  </component>
</application>